pair_id,sentence_1,sentence_2,same_polarity,both_natural,comment
P001,Giovanni felt the podcast was really enjoyable.,Giovanni felt the podcast was not unenjoyable.,,,
P002,Giovanni felt the tour was exceptionally hideous.,Giovanni felt the tour was extremely ugly.,,,
P003,Many visitors criticized the exhibition.,Many visitors criticized the exhibition .,,,
P004,Bob criticized the podcast.,Alice criticized the podcast.,,,
P005,What a lovely performance!,What a nice performance!,,,
P006,I thought the book was truly satisfying.,I thought the book was truly rewarding.,,,
P007,The drivers at the cinema were very rude.,The drivers at the cinema were not courteous.,,,
P008,"Our trip to Paris was very beautiful, and Bob loved every minute.","Our  trip  to  Paris  was  very  beautiful,  and  Bob  loved  every  minute.  ",,,
P009,What a enjoyable podcast!,What a pleasant podcast!,,,
P010,The documentary was praised by the jury.,The jury praised the documentary.,,,
P011,Bob visited the concert in Berlin last week.,"Last week, Bob visited the concert in Berlin.",,,
P012,The podcast in Seoul was horrible.,The podcast in Cairo was horrible.,,,
P013,I would recommend the documentary because it was great.,I would recommend the documentary because it was not poor at all.,,,
P014,The nurses at the restaurant were rude.,The nurses at the restaurant were not polite.,,,
P015,The clinic in Tokyo is clean.,The clinic in Tokyo is not dirty.,,,
P016,I would avoid the trip because it was incredibly slow.,I would avoid the trip because it was not quick.,,,
P017,"In my opinion, the performance was extremely lovely.","In my opinion, the performance was exceptionally delightful.",,,
P018,"In my opinion, the performance was extremely lovely.","In my opinion, the performance was not unattractive.",,,
P019,Imani said that the museum closes at five fifteen.,Jamal said that the museum closes at five fifteen.,,,
P020,Priya felt the meal was incredibly great.,Priya felt the meal was incredibly excellent.,,,
P021,The nurses at the airline were extremely friendly.,The nurses at the airline were incredibly amiable.,,,
P022,"On Tuesday, Ethan traveled to Tokyo.","On Tuesday, Charlie traveled to Seoul.",,,
P023,The novel in Mumbai was really unpleasant.,The novel in Lagos was really unpleasant.,,,
P024,"On Monday, Imani walked from the station to the cinema.","On Monday, Priya walked from the station to the cinema.",,,
P025,Ethan described the game as very slow.,Ethan described the game as really sluggish.,,,
P026,"The service at the museum was truly dreadful, and we left early.","The service at the museum was really horrible, and we left early.",,,
P027,What a fantastic film!,What a fabulous film!,,,
P028,Mei felt the meal was incredibly great.,Priya felt the meal was incredibly great.,,,
P029,Bob traveled to Sydney last month.,Diana traveled to Seoul last month.,,,
P030,The documentary that Hiroshi saw was not good.,The documentary that Hiroshi saw was extremely bad.,,,
P031,The book was criticized by Giovanni.,Giovanni criticized the book.,,,
P032,Diana said the novel was really good.,Bob said the novel was really good.,,,
P033,The report said that the show was not unremarkable.,The report said that the show was very amazing.,,,
P034,"According to Mei, the lecture in Paris was incredibly disagreeable.","According to Mei, the lecture in Paris was incredibly unpleasant.",,,
P035,"Yesterday, Imani visited the book in Toronto.",Imani visited the book in Toronto yesterday.,,,
P036,The performance in Mumbai was really interesting.,The performance in Mumbai was not boring.,,,
P037,"The service at the hotel was truly dreadful, and we left early.","The service at the hotel was very terrible, and we left early.",,,
P038,The show in Mumbai was not unattractive.,The show in Mumbai was very beautiful.,,,
P039,I thought the podcast was not unsatisfying.,I thought the podcast was incredibly satisfying.,,,
P040,"On Monday, Fatima traveled to Tokyo.","On Monday, Ethan traveled to London.",,,
P041,Imani walked from the station to the restaurant on Monday.,"On Monday, Imani walked from the station to the restaurant.",,,
P042,Alice felt that the meal was quite ugly.,Alice felt the meal was quite ugly.,,,
P043,The train to Cairo leaves at nine.,The train to Seoul leaves at nine.,,,
P044,"According to Jamal, the play in Seoul was incredibly unpleasant.","According to Priya, the play in London was incredibly unpleasant.",,,
P045,The novel seemed incredibly striking to everyone.,The novel seemed extremely impressive to everyone.,,,
P046,The nurses at the airline were not unfriendly.,The nurses at the airline were extremely friendly.,,,
P047,I think the game was very boring.,I think that the game was very boring.,,,
P048,The concert was not acceptable.,The concert was extremely awful.,,,
P049,The film seemed exceptionally plodding to everyone.,The film seemed extremely slow to everyone.,,,
P050,We visited the play in Tokyo and found it rather underwhelming.,We visited the play in Tokyo and found it quite disappointing.,,,
P051,Hiroshi described the play as extremely interesting.,Hiroshi described the play as exceptionally fascinating.,,,
P052,Mei prepared the soup.,The soup was prepared by Mei.,,,
P053,I found the trip to be not good.,I found the trip to be really mediocre.,,,
P054,The concert was criticized by local reviewers.,Local reviewers criticized the concert.,,,
P055,"On Monday, Diana walked from the station to the museum.","On Monday, Charlie walked from the station to the museum.",,,
P056,Alice traveled to Lagos last month.,"Last month, Alice traveled to Lagos.",,,
P057,Bob wrote the report.,Diana wrote the report.,,,
P058,"The lecture was not great, but Bob stayed until the end.","The lecture was truly bad, but Bob stayed until the end.",,,
P059,"On Tuesday, Fatima and Ethan met in Cairo.",Fatima and Ethan met in Cairo on Tuesday.,,,
P060,The game in Cairo was incredibly ugly.,The game in Toronto was incredibly ugly.,,,
P061,The concert that Hiroshi saw was really disappointing.,The concert that Jamal saw was really disappointing.,,,
P062,What an fascinating exhibition!,What an interesting exhibition!,,,
P063,The tour that Hiroshi saw was very terrible.,The tour that Hiroshi saw was not good.,,,
P064,Alice felt the play was extremely pleasant.,Alice felt that the play was extremely pleasant.,,,
P065,"After  the  concert,  we  agreed  that  it  was  interesting.  ","After the concert, we agreed that it was interesting.",,,
P066,The play and the show were both very satisfying.,The play and the show were both really gratifying.,,,
P067,The novel seemed not exciting to everyone.,The novel seemed dull to everyone.,,,
P068,The lecture was not impressive.,The lecture was disappointing.,,,
P069,Critics praised the lecture.,The lecture was praised by critics.,,,
P070,"The film was really poor, but Charlie stayed until the end.","The film was genuinely substandard, but Charlie stayed until the end.",,,
P071,"In my opinion, the concert was extremely satisfying.","In my opinion, the concert was exceptionally rewarding.",,,
P072,Hiroshi visited the play in Seoul on Monday.,Giovanni visited the play in Cairo on Monday.,,,
P073,The waiters at the cinema were not rude.,The waiters at the cinema were extremely polite.,,,
P074,Jamal complained that the concert in Berlin was really disappointing.,Jamal complained that the concert in Berlin was genuinely unsatisfying.,,,
P075,Jamal visited the tour in Toronto last month.,Priya visited the tour in Sydney last month.,,,
P076,Alice said the film was extremely ugly.,Alice said the film was not attractive.,,,
P077,I heard from Mei that the exhibition in Mumbai was really amazing.,I heard from Alice that the exhibition in Lagos was really amazing.,,,
P078,Alice visited the book in London last year.,Mei visited the book in Seoul last year.,,,
P079,"This morning, Bob traveled to Mumbai.",Bob traveled to Mumbai this morning.,,,
P080,"In my opinion, the performance was very satisfying.","In my opinion, the performance was really gratifying.",,,
P081,I heard from Hiroshi that the concert in Tokyo was not unpleasant.,I heard from Hiroshi that the concert in Tokyo was really wonderful.,,,
P082,Priya complained that the album in Cairo was very disappointing.,Priya complained that the album in Cairo was not impressive.,,,
P083,I would recommend the exhibition because it was not unimpressive.,I would recommend the exhibition because it was amazing.,,,
P084,I heard from Mei that the exhibition in Mumbai was genuinely remarkable.,I heard from Mei that the exhibition in Mumbai was really amazing.,,,
P085,The show was praised by many visitors.,"""The show was praised by many visitors.""",,,
P086,Hiroshi said the concert was really pleasurable.,Hiroshi said the concert was very enjoyable.,,,
P087,Fatima said that the airline closes at seven thirty.,"""Fatima said that the airline closes at seven thirty.""",,,
P088,Jamal walked from the station to the clinic on Monday.,"On Monday, Jamal walked from the station to the clinic.",,,
P089,The trip was truly fascinating.,The trip was truly interesting.,,,
P090,"According to Priya, the exhibition in Sydney was quite unpleasant.","According  to  Priya,  the  exhibition  in  Sydney  was  quite  unpleasant.  ",,,
P091,The hotel in Berlin looked crowded from outside.,The hotel in Lagos looked crowded from outside.,,,
P092,The tour was extremely wonderful.,The tour was not disagreeable.,,,
P093,"The concert was very dull, but Jamal stayed until the end.","The concert was really tedious, but Jamal stayed until the end.",,,
P094,"On Monday, Fatima visited the novel in Seoul.","On Monday, Giovanni visited the novel in London.",,,
P095,I thought the game was quite enjoyable.,I thought the game was not unenjoyable.,,,
P096,The train to London leaves at nine.,The train to Paris leaves at nine.,,,
P097,"The show was truly fine, but Charlie stayed until the end.","The show was truly good, but Charlie stayed until the end.",,,
P098,"On Monday, Ethan walked from the station to the museum.",Ethan walked from the station to the museum on Monday.,,,
P099,The airline is located near the old market in Toronto.,The airline is located near the old market in Lagos.,,,
P100,The documentary was criticized by the jury.,The jury criticized the documentary.,,,
P101,Diana traveled to Sydney last week.,"Last week, Diana traveled to Sydney.",,,
P102,The jury reviewed the documentary.,The documentary was reviewed by the jury.,,,
P103,Priya felt the meal was not bad at all.,Priya felt the meal was incredibly great.,,,
P104,The tour seemed not acceptable to everyone.,The tour seemed incredibly horrible to everyone.,,,
P105,"Last year, Mei visited the book in Sydney.","Last year, Alice visited the book in Cairo.",,,
P106,I thought the performance was incredibly impressive.,I thought the performance was incredibly admirable.,,,
P107,I think the album was not impressive.,I think the album was incredibly mediocre.,,,
P108,The bakery in Berlin looked dirty from outside.,The bakery in Lagos looked dirty from outside.,,,
P109,The nurses at the airline were exceptionally welcoming.,The nurses at the airline were extremely friendly.,,,
P110,"The concert was very dull, but Jamal stayed until the end.","The concert was very dull, but Mei stayed until the end.",,,
P111,Hiroshi said the meal was quite amazing.,Hiroshi said that the meal was quite amazing.,,,
P112,Priya described the performance as quite nice.,Alice described the performance as quite nice.,,,
P113,I think that the performance was quite nice.,I think the performance was quite nice.,,,
P114,The performance was praised by the audience.,The audience praised the performance.,,,
P115,Ethan visited the podcast in Tokyo on Tuesday.,"On Tuesday, Ethan visited the podcast in Tokyo.",,,
P116,The documentary that Jamal saw was extremely bad.,The documentary that Hiroshi saw was extremely bad.,,,
P117,The film was reviewed by Priya.,Priya reviewed the film.,,,
P118,"Our trip to Berlin was not bad, and Charlie loved every minute.","Our trip to Berlin was extremely good, and Charlie loved every minute.",,,
P119,I heard from Diana that the album in London was not ugly.,I heard from Diana that the album in London was beautiful.,,,
P120,I would recommend the play because it was exciting.,I would recommend the play because it was not boring.,,,
P121,Mei complained that the game in Sydney was not good.,Mei complained that the game in Sydney was truly horrible.,,,
P122,Mei said the book was good.,Mei said that the book was good.,,,
P123,"On Tuesday, Mei traveled to Cairo.","On Tuesday, Bob traveled to London.",,,
P124,"Our trip to Lagos was extremely good, and Ethan loved every minute.","Our trip to Berlin was extremely good, and Charlie loved every minute.",,,
P125,"Our trip to Paris was truly astonishing, and Charlie loved every minute.","Our trip to Paris was truly amazing, and Charlie loved every minute.",,,
P126,The library is located near the old market in Lagos .,The library is located near the old market in Lagos.,,,
P127,"According to Alice, the performance in Paris was very disappointing.","According to Mei, the performance in Tokyo was very disappointing.",,,
P128,Imani complained that the show in Cairo was really unpleasant.,Hiroshi complained that the show in Sydney was really unpleasant.,,,
P129,The bakery is located near the old market in Lagos.,The bakery is located near the old market in Berlin.,,,
P130,Imani felt the podcast was genuinely superb.,Imani felt the podcast was really great.,,,
P131,Ethan said the concert was nice.,Ethan said that the concert was nice.,,,
P132,The report said that the concert was not unremarkable.,The report said that the concert was very fantastic.,,,
P133,Mei said the book was fine.,Mei said the book was good.,,,
P134,What an awful show!,What an dreadful show!,,,
P135,"In my opinion, the show was incredibly poor.","In my opinion, the show was incredibly substandard.",,,
P136,The audience criticized the trip.,The trip was criticized by the audience.,,,
P137,"This morning, Jamal traveled to Toronto.","This morning, Priya traveled to Sydney.",,,
P138,Giovanni said the album was incredibly sluggish.,Giovanni said the album was extremely slow.,,,
P139,Bob said that the podcast was quite amazing.,Bob said the podcast was quite amazing.,,,
P140,The tour was reviewed by the jury.,The jury reviewed the tour.,,,
P141,Imani felt the podcast was really great.,Imani felt the podcast was truly excellent.,,,
P142,I think the podcast was wonderful.,I think the podcast was marvelous.,,,
P143,"The service at the museum was lackluster, and we left early.","The service at the museum was mediocre, and we left early.",,,
P144,Diana visited the concert in Lagos last week.,Bob visited the concert in Berlin last week.,,,
P145,"According to Fatima, the album in Seoul was not impressive.","According to Fatima, the album in Seoul was quite mediocre.",,,
P146,I found the concert to be very boring.,I found the concert to be not exciting.,,,
P147,Giovanni felt the play was not good.,Giovanni felt the play was truly awful.,,,
P148,Imani and Alice met in Seoul on Tuesday.,"On Tuesday, Imani and Alice met in Seoul.",,,
P149,The trip was not good.,The trip was truly mediocre.,,,
P150,Mei sent a message to Priya about the game.,Jamal sent a message to Imani about the game.,,,
